ticker,nome
A1LX34.SA,ALEXION PHAR
AALL34.SA,AMERICAN AIR
AALR3.SA,ALLIAR      
AAPL34.SA,APPLE       
ABBV34.SA,ABBVIE      
ABCB10.SA,ABC BRASIL  
ABCB2.SA,ABC BRASIL  
ABCB4.SA,ABC BRASIL  
ABCP11.SA,FII ABC IMOB
ABEV3.SA,AMBEV S/A   
ABTT34.SA,ABBOTT      
ABUD34.SA,AB INBEV    
ACNB34.SA,ACCENTURE   
ADBE34.SA,ADOBE INC   
ADHM3.SA,ADVANCED-DH 
ADPR34.SA,AUTOMATIC DT
AEFI11.SA,FII AESAPAR 
AFLT3.SA,AFLUENTE T  
AGCX11.SA,FII AG CAIXA
AGRO3.SA,BRASILAGRO  
AHEB3.SA,SPTURIS     
AHEB5.SA,SPTURIS     
AIGB34.SA,AIG GROUP   
ALMI11.SA,FII TORRE AL
ALPA3.SA,ALPARGATAS  
ALPA4.SA,ALPARGATAS  
ALSC3.SA,ALIANSCE    
ALSO3.SA,ALIANSCSONAE
ALUP11.SA,ALUPAR      
ALUP3.SA,ALUPAR      
ALUP4.SA,ALUPAR      
ALZR11.SA,FII ALIANZA 
ALZR12.SA,FII ALIANZA 
AMAR3.SA,LOJAS MARISA
AMGN34.SA,AMGEN       
AMZO34.SA,AMAZON      
ANCR11B.SA,FII ANCAR IC
ANDG3B.SA,AGCONCESSOES
ANIM3.SA,ANIMA       
APER1.SA,ALPER S.A.  
APER3.SA,ALPER S.A.  
APER9.SA,ALPER S.A.  
APTV34.SA,APTIV PLC   
AQLL11.SA,FII AQUILLA 
ARMT34.SA,ARCELOR     
ARNC34.SA,ARCONIC     
ARRI11.SA,FII ATRIO   
ARZZ3.SA,AREZZO CO   
ASML34.SA,ASML HOLD   
ATOM3.SA,ATOMPAR     
ATSA11.SA,FII HATRIUM 
ATTB34.SA,ATT INC     
ATVI34.SA,ACTIVISION  
AVGO34.SA,BROADCOM INC
AVON34.SA,AVON        
AWII34.SA,ARMSTRONG   
AXPB34.SA,AMERICAN EXP
AZEV3.SA,AZEVEDO     
AZEV4.SA,AZEVEDO     
AZOI34.SA,AUTOZONE INC
AZUL4.SA,AZUL        
B3SA3.SA,B3          
BABA34.SA,ALIBABAGR   
BAHI1.SA,BAHEMA      
BAHI3.SA,BAHEMA      
BAHI9.SA,BAHEMA      
BALM3.SA,BAUMER      
BALM4.SA,BAUMER      
BARI11.SA,FII BARIGUI 
BAUH4.SA,EXCELSIOR   
BAZA3.SA,AMAZONIA    
BBAS3.SA,BRASIL      
BBDC3.SA,BRADESCO    
BBDC4.SA,BRADESCO    
BBFI11B.SA,FII BB PROGR
BBPO11.SA,FII BB PRGII
BBRC11.SA,FII BB CORP 
BBRK3.SA,BR BROKERS  
BBSD11.SA,BB ETF SP DV
BBSE3.SA,BBSEGURIDADE
BBVJ11.SA,FII C JARDIM
BBYY34.SA,BEST BUY    
BCFF11.SA,FII BC FFII 
BCFF12.SA,FII BC FFII 
BCIA11.SA,FII BCIA    
BCRI11.SA,FII BEES CRI
BCSA34.SA,SANTANDER   
BDLL3.SA,BARDELLA    
BDLL4.SA,BARDELLA    
BEEF11.SA,MINERVA     
BEEF3.SA,MINERVA     
BEES3.SA,BANESTES    
BEES4.SA,BANESTES    
BERK34.SA,BERKSHIRE   
BGIP3.SA,BANESE      
BGIP4.SA,BANESE      
BHPG34.SA,BHP GROUP   
BICR11.SA,FII INTER   
BIDI10.SA,BANCO INTER 
BIDI11.SA,BANCO INTER 
BIDI12.SA,BANCO INTER 
BIDI3.SA,BANCO INTER 
BIDI4.SA,BANCO INTER 
BIDI9.SA,BANCO INTER 
BIDU34.SA,BAIDU INC   
BIIB34.SA,BIOGEN      
BILB34.SA,BILBAOVIZ   
BIOM1.SA,BIOMM       
BIOM3.SA,BIOMM       
BIOM9.SA,BIOMM       
BKBR3.SA,BK BRASIL   
BKNG34.SA,BOOKING     
BKOI11.SA,FIP BKO BREI
BLAK34.SA,BLACKROCK   
BMEB3.SA,MERC BRASIL 
BMEB4.SA,MERC BRASIL 
BMGB11.SA,BANCO BMG   
BMGB4.SA,BANCO BMG   
BMIN3.SA,MERC INVEST 
BMIN4.SA,MERC INVEST 
BMKS3.SA,BIC MONARK  
BMLC11B.SA,FII BMBRC LC
BMYB34.SA,BRISTOLMYERS
BNBR3.SA,NORD BRASIL 
BNFS11.SA,FII BANRISUL
BOAC34.SA,BANK AMERICA
BOBR4.SA,BOMBRIL     
BOEI34.SA,BOEING      
BONY34.SA,BNY MELLON  
BOVA11.SA,ISHARES BOVA
BOVB11.SA,ETF BRAD BOV
BOVV11.SA,IT NOW IBOV 
BOXP34.SA,BOSTON PROP 
BPAC11.SA,BTGP BANCO  
BPAC3.SA,BTGP BANCO  
BPAC5.SA,BTGP BANCO  
BPAN10.SA,BANCO PAN   
BPAN4.SA,BANCO PAN   
BPAR3.SA,BANPARA     
BPFF11.SA,FII ABSOLUTO
BPHA3.SA,BR PHARMA   
BPML11.SA,FII BTG SHOP
BPRP11.SA,FII BRLPROP 
BRAP3.SA,BRADESPAR   
BRAP4.SA,BRADESPAR   
BRAX11.SA,ISHARES BRAX
BRCO11.SA,FII BRESCO  
BRCR11.SA,FII BC FUND 
BRDT3.SA,PETROBRAS BR
BRFS3.SA,BRF SA      
BRGE11.SA,ALFA CONSORC
BRGE12.SA,ALFA CONSORC
BRGE3.SA,ALFA CONSORC
BRGE5.SA,ALFA CONSORC
BRGE6.SA,ALFA CONSORC
BRGE7.SA,ALFA CONSORC
BRGE8.SA,ALFA CONSORC
BRIV3.SA,ALFA INVEST 
BRIV4.SA,ALFA INVEST 
BRKM3.SA,BRASKEM     
BRKM5.SA,BRASKEM     
BRKM6.SA,BRASKEM     
BRML3.SA,BR MALLS PAR
BRPR3.SA,BR PROPERT  
BRSR3.SA,BANRISUL    
BRSR5.SA,BANRISUL    
BRSR6.SA,BANRISUL    
BSEV3.SA,BIOSEV      
BSLI3.SA,BRB BANCO   
BSLI4.SA,BRB BANCO   
BTCR11.SA,FII BTG CRI 
BTLG11.SA,FII BTLG    
BTOW1.SA,B2W DIGITAL 
BTOW3.SA,B2W DIGITAL 
BTOW9.SA,B2W DIGITAL 
BTTL3.SA,BATTISTELLA 
BZLI11.SA,FII BRREALTY
CAJI34.SA,CANON INC   
CALI4.SA,CONST A LIND
CAMB10.SA,CAMBUCI     
CAMB2.SA,CAMBUCI     
CAMB3.SA,CAMBUCI     
CAMB4.SA,CAMBUCI     
CAML3.SA,CAMIL       
CAON34.SA,CAPITAL ONE 
CAPH34.SA,CAPRI HOLDI 
CARD3.SA,CSU CARDSYST
CARE11.SA,FII DEA CARE
CASN3.SA,CASAN       
CASN4.SA,CASAN       
CATP34.SA,CATERPILLAR 
CBEE3.SA,AMPLA ENERG 
CBOP11.SA,FII C BRANCO
CCPR3.SA,CYRE COM-CCP
CCRO3.SA,CCR SA      
CCXC3.SA,CCX CARVAO  
CEAB3.SA,CEA MODAS   
CEBR3.SA,CEB         
CEBR5.SA,CEB         
CEBR6.SA,CEB         
CEDO3.SA,CEDRO       
CEDO4.SA,CEDRO       
CEEB3.SA,COELBA      
CEEB5.SA,COELBA      
CEED3.SA,CEEE-D      
CEED4.SA,CEEE-D      
CEGR3.SA,CEG         
CELP3.SA,CELPA       
CELP5.SA,CELPA       
CELP6.SA,CELPA       
CELP7.SA,CELPA       
CEOC11.SA,FII CEO CCP 
CEPE5.SA,CELPE       
CEPE6.SA,CELPE       
CESP3.SA,CESP        
CESP5.SA,CESP        
CESP6.SA,CESP        
CGAS11.SA,COMGAS      
CGAS3.SA,COMGAS      
CGAS5.SA,COMGAS      
CGRA3.SA,GRAZZIOTIN  
CGRA4.SA,GRAZZIOTIN  
CHCM34.SA,CHARTER COMM
CHDC34.SA,CHURCH DWIGH
CHKE34.SA,CHESAPEAKE  
CHME34.SA,CME GROUP   
CHVX34.SA,CHEVRON     
CIEL3.SA,CIELO       
CINF34.SA,CINCINNATI  
CLGN34.SA,CELGENE CORP
CLSC3.SA,CELESC      
CLSC4.SA,CELESC      
CLXC34.SA,CLOROX CO   
CMCS34.SA,COMCAST     
CMIG3.SA,CEMIG       
CMIG4.SA,CEMIG       
CNES11.SA,FII CENESP  
CNIC34.SA,CANAD NATION
CNTO3.SA,CENTAURO    
COCA34.SA,COCA COLA   
COCE3.SA,COELCE      
COCE5.SA,COELCE      
COGN3.SA,COGNA ON    
COLG34.SA,COLGATE     
COPH34.SA,COPHILLIPS  
CORR4.SA,COR RIBEIRO 
COTY34.SA,COTY INC    
COWC34.SA,COSTCO      
CPFE3.SA,CPFL ENERGIA
CPLE3.SA,COPEL       
CPLE6.SA,COPEL       
CPRE3.SA,CPFL RENOVAV
CPRL34.SA,CANAD PACIFI
CPTS11B.SA,FII CAPI SEC
CRDA34.SA,CREDIT ACCEP
CRDE3.SA,CR2         
CRFB3.SA,CARREFOUR BR
CRFF11.SA,FII CX RBRA2
CRHP34.SA,CRH PLC     
CRIN34.SA,CARTERS INC 
CRIP34.SA,CTRIPCOM    
CRIV3.SA,ALFA FINANC 
CRIV4.SA,ALFA FINANC 
CRPG3.SA,CRISTAL     
CRPG5.SA,CRISTAL     
CRPG6.SA,CRISTAL     
CSAB3.SA,SEG AL BAHIA
CSAB4.SA,SEG AL BAHIA
CSAN3.SA,COSAN       
CSCO34.SA,CISCO       
CSMG3.SA,COPASA      
CSNA3.SA,SID NACIONAL
CSRN3.SA,COSERN      
CSRN5.SA,COSERN      
CSRN6.SA,COSERN      
CSXC34.SA,CSX CORP    
CTGP34.SA,CITIGROUP   
CTKA3.SA,KARSTEN     
CTKA4.SA,KARSTEN     
CTNM3.SA,COTEMINAS   
CTNM4.SA,COTEMINAS   
CTSA3.SA,SANTANENSE  
CTSA4.SA,SANTANENSE  
CTSH34.SA,COGNIZANT   
CTXT11.SA,FII C TEXTIL
CVBI11.SA,FII VBI CRI 
CVCB3.SA,CVC BRASIL  
CVSH34.SA,CVS HEALTH  
CXCE11B.SA,FII CX CEDAE
CXRI11.SA,FII CX RBRAV
CXTL11.SA,FII CX TRX  
CYRE3.SA,CYRELA REALT
DAMT11B.SA,FII DIAMANTE
DASA1.SA,DASA        
DASA3.SA,DASA        
DBAG34.SA,DEUTSCHE AK 
DCVY34.SA,DISCOVERY IN
DDNB34.SA,DUPONT N INC
DEAI34.SA,DELTA       
DEEC34.SA,DEERE CO    
DEOP34.SA,DIAGEO PL   
DGCO34.SA,DOLLAR GENER
DHER34.SA,DANAHER CORP
DIRR3.SA,DIRECIONAL  
DISB34.SA,WALT DISNEY 
DIVO11.SA,IT NOW IDIV 
DLTR34.SA,DOLLAR TREE 
DMAC11.SA,FII MAC     
DMMO11.SA,DOMMO       
DMMO3.SA,DOMMO       
DOHL3.SA,DOHLER      
DOHL4.SA,DOHLER      
DOMC11.SA,FII DOMO    
DRIT11B.SA,FII MTGESTAO
DTCY3.SA,DTCOM-DIRECT
DTEX3.SA,DURATEX     
DUKB34.SA,DUKE ENERGY 
DVAI34.SA,DAVITA INC  
DWDP34.SA,DOWDUPONT   
EAIN34.SA,ELECTR ARTS 
EALT3.SA,ACO ALTONA  
EALT4.SA,ACO ALTONA  
EBAY34.SA,EBAY        
ECOO11.SA,ISHARES ECOO
ECOR3.SA,ECORODOVIAS 
ECPR3.SA,ENCORPAR    
ECPR4.SA,ENCORPAR    
EDFO11B.SA,FII OURINVES
EDGA11.SA,FII GALERIA 
EEEL3.SA,CEEE-GT     
EEEL4.SA,CEEE-GT     
EGIE3.SA,ENGIE BRASIL
EKTR3.SA,ELEKTRO     
EKTR4.SA,ELEKTRO     
ELCI34.SA,ESTEE LAUDER
ELEK3.SA,ELEKEIROZ   
ELEK4.SA,ELEKEIROZ   
ELET1.SA,ELETROBRAS  
ELET11.SA,ELETROBRAS  
ELET3.SA,ELETROBRAS  
ELET5.SA,ELETROBRAS  
ELET6.SA,ELETROBRAS  
ELPL3.SA,ELETROPAULO 
EMAE3.SA,EMAE        
EMAE4.SA,EMAE        
EMBR3.SA,EMBRAER     
ENAT3.SA,ENAUTA PART 
ENBR3.SA,ENERGIAS BR 
ENEV3.SA,ENEVA       
ENGI11.SA,ENERGISA    
ENGI3.SA,ENERGISA    
ENGI4.SA,ENERGISA    
ENMA3B.SA,CEMAR       
ENMT3.SA,ENERGISA MT 
ENMT4.SA,ENERGISA MT 
EQIX34.SA,EQUINIX INC 
EQPA3.SA,EQTL PARA   
EQPA5.SA,EQTL PARA   
EQPA7.SA,EQTL PARA   
EQTL3.SA,EQUATORIAL  
ESTC3.SA,ESTACIO PART
ESTR3.SA,ESTRELA     
ESTR4.SA,ESTRELA     
ESUD11.SA,FIP IE II   
ESUT11.SA,FIP IE III  
ETER1.SA,ETERNIT     
ETER3.SA,ETERNIT     
EUCA3.SA,EUCATEX     
EUCA4.SA,EUCATEX     
EURO11.SA,FII EUROPAR 
EVEN3.SA,EVEN        
EXGR34.SA,EXPEDIA GROU
EXXO34.SA,EXXON MOBIL 
EZTC3.SA,EZTEC       
F1NI34.SA,FIDELITY NAT
FAED11.SA,FII ANH EDUC
FAMB11B.SA,FII ALMIRANT
FASL34.SA,FASTENAL    
FBMC4.SA,FIBAM       
FBOK34.SA,FACEBOOK    
FCCQ11.SA,FIP CONQUEST
FCFL11.SA,FII CAMPUSFL
FCXO34.SA,FREEPORT    
FDES11.SA,FUNDES      
FDMO34.SA,FORD MOTORS 
FDXB34.SA,FEDEX CORP  
FESA3.SA,FERBASA     
FESA4.SA,FERBASA     
FEXC11.SA,FII EXCELLEN
FFCI11.SA,FII RIOB RC 
FFTD34.SA,FIFTH THIRD 
FHER3.SA,FER HERINGER
FIBR3.SA,FIBRIA      
FIGS11.SA,FII GEN SHOP
FIIB11.SA,FII INDL BR 
FIIP11B.SA,FII RB CAP I
FIND11.SA,IT NOW IFNC 
FISC11.SA,FII SC 401  
FIVN11.SA,FII VIDANOVA
FIXX11.SA,FII FATORFIX
FJTA11.SA,FORJA TAURUS
FJTA13.SA,FORJA TAURUS
FJTA15.SA,FORJA TAURUS
FJTA17.SA,FORJA TAURUS
FJTA3.SA,FORJA TAURUS
FJTA4.SA,FORJA TAURUS
FLMA11.SA,FII S F LIMA
FLRP11.SA,FII FLORIPA 
FLRY3.SA,FLEURY      
FLTC34.SA,FLEETCOR TEC
FMOF11.SA,FII MEMORIAL
FMSC34.SA,FRESENIUS   
FMXB34.SA,FEMSA       
FNAM11.SA,FINAM       
FNOR11.SA,FINOR       
FOFT11.SA,FII HTOPFOF2
FOXC34.SA,FOX CORP    
FPAB11.SA,FII A BRANCA
FPOR11.SA,FIP PORT SUD
FRAS3.SA,FRAS-LE     
FRBR11.SA,FII RBR PCRI
FRIO3.SA,METALFRIO   
FRTA3.SA,POMIFRUTAS  
FSLR34.SA,FIRST SOLAR 
FSPE11.SA,FISET PESCA 
FSRF11.SA,FISET FL REF
FSTU11.SA,FISET TUR   
FVBI11.SA,FII VBI 4440
FVPQ11.SA,FII V PARQUE
GBIO33.SA,BIOTOSCANA  
GDBR34.SA,GEN DYNAMICS
GEOO34.SA,GE          
GEPA3.SA,GER PARANAP 
GEPA4.SA,GER PARANAP 
GFSA1.SA,GAFISA      
GFSA3.SA,GAFISA      
GFSA9.SA,GAFISA      
GGBR3.SA,GERDAU      
GGBR4.SA,GERDAU      
GGRC11.SA,FII GGRCOVEP
GILD34.SA,GILEAD      
GMCO34.SA,GENERAL MOT 
GNDI3.SA,INTERMEDICA 
GOAU3.SA,GERDAU MET  
GOAU4.SA,GERDAU MET  
GOGL34.SA,ALPHABET    
GOGL35.SA,ALPHABET    
GOLL11.SA,GOL         
GOLL12.SA,GOL         
GOLL13.SA,GOL         
GOLL4.SA,GOL         
GOVE11.SA,IT NOW IGCT 
GPAR1.SA,CELGPAR     
GPAR3.SA,CELGPAR     
GPCP3.SA,GPC PART    
GPIV33.SA,GP INVEST   
GPRK34.SA,GEOPARK LTD 
GPRO34.SA,GOPRO       
GPSI34.SA,GAP         
GRLV11.SA,FII LOUVEIRA
GRND3.SA,GRENDENE    
GSFI11.SA,FII GENERAL 
GSGI34.SA,GOLDMANSACHS
GSHP3.SA,GENERALSHOPP
GTWR11.SA,FII G TOWERS
GUAR3.SA,GUARARAPES  
GUAR4.SA,GUARARAPES  
HABT11.SA,FII HABIT II
HAGA3.SA,HAGA S/A    
HAGA4.SA,HAGA S/A    
HALI34.SA,HALLIBURTON 
HAPV3.SA,HAPVIDA     
HBOR3.SA,HELBOR      
HBTS5.SA,HABITASUL   
HBTT11.SA,FII HABITAT 
HCRI11.SA,FII CRIANCA 
HCTR11.SA,FII HECTARE 
HETA3.SA,HERCULES    
HETA4.SA,HERCULES    
HFOF11.SA,FII HTOPFOF3
HFOF13.SA,FII HTOPFOF3
HGBS11.SA,FII HEDGEBS 
HGCR11.SA,FII CSHG CRI
HGCR12.SA,FII CSHG CRI
HGFF11.SA,FII CSHG FOF
HGJH11.SA,FII CSHGJHSF
HGLG11.SA,FII CSHG LOG
HGPO11.SA,FII CSHGPRIM
HGRE11.SA,FII HG REAL 
HGRU11.SA,FII CSHG URB
HGTX3.SA,CIA HERING  
HLOG11.SA,FII HEDGELOG
HMOC11.SA,FII HEDMOCA 
HOME34.SA,HOME DEPOT  
HONB34.SA,HONEYWELL   
HOND34.SA,HONDA MO    
HOOT4.SA,HOTEIS OTHON
HPDP11.SA,FII HEDGE RE
HPQB34.SA,HP COMPANY  
HSHY34.SA,HERSHEY CO  
HSML11.SA,FII HSI MALL
HSML12.SA,FII HSI MALL
HTMX11.SA,FII HOTEL MX
HUSC11.SA,FII H UNIMED
HYPE3.SA,HYPERA      
IBFF11.SA,FII FOF BREI
IBMB34.SA,IBM         
IBOV11.SA,IBOVESPA    
IDNT3.SA,IDEIASNET   
IDVL1.SA,INDUSVAL    
IDVL3.SA,INDUSVAL    
IDVL4.SA,INDUSVAL    
IDVL9.SA,INDUSVAL    
IGBR3.SA,IGB S/A     
IGTA3.SA,IGUATEMI    
INEP1.SA,INEPAR      
INEP11.SA,INEPAR      
INEP12.SA,INEPAR      
INEP3.SA,INEPAR      
INEP4.SA,INEPAR      
INGG34.SA,ING GROEP   
INTU34.SA,INTUIT INC  
IRBR3.SA,IRBBRASIL RE
IRDM11.SA,FII IRIDIUM 
ISBC34.SA,INVEST BCORP
ISUS11.SA,IT NOW ISE  
ITEC3.SA,ITAUTEC     
ITLC34.SA,INTEL       
ITSA3.SA,ITAUSA      
ITSA4.SA,ITAUSA      
ITUB3.SA,ITAUUNIBANCO
ITUB4.SA,ITAUUNIBANCO
IVVB11.SA,ISHARE SP500
JBDU1.SA,J B DUARTE  
JBDU11.SA,J B DUARTE  
JBDU12.SA,J B DUARTE  
JBDU2.SA,J B DUARTE  
JBDU3.SA,J B DUARTE  
JBDU4.SA,J B DUARTE  
JBSS3.SA,JBS         
JCPC34.SA,JC PENNEY   
JDCO34.SA,JD COM      
JFEN3.SA,JOAO FORTES 
JHSF3.SA,JHSF PART   
JNJB34.SA,JOHNSON     
JOPA3.SA,JOSAPAR     
JOPA4.SA,JOSAPAR     
JPMC34.SA,JPMORGAN    
JPPA11.SA,FII JPPMOGNO
JPPC11.SA,FII JPP CAPI
JPSA3.SA,JEREISSATI  
JRDM11.SA,FII SHOPJSUL
JSLG3.SA,JSL         
JSRE11.SA,FII JS REAL 
JSRE13.SA,FII JS REAL 
KEPL11.SA,KEPLER WEBER
KEPL3.SA,KEPLER WEBER
KFOF11.SA,FII KINEAFOF
KHCB34.SA,KRAFT HEINZ 
KINP11.SA,FII EV KINEA
KLBN11.SA,KLABIN S/A  
KLBN3.SA,KLABIN S/A  
KLBN4.SA,KLABIN S/A  
KMBB34.SA,KIMBERLY CL 
KMIC34.SA,KINDER MORGA
KMPR34.SA,KEMPER CORP 
KNCR11.SA,FII KINEA RI
KNHY11.SA,FII KINEA HY
KNIP11.SA,FII KINEA IP
KNRE11.SA,FII KII REAL
KNRI11.SA,FII KINEA   
KROT3.SA,KROTON      
LAME1.SA,LOJAS AMERIC
LAME2.SA,LOJAS AMERIC
LAME3.SA,LOJAS AMERIC
LAME4.SA,LOJAS AMERIC
LATR11B.SA,FII LATERES 
LBRD34.SA,LIBERTY BROA
LBRN34.SA,L BRANDS    
LCAM3.SA,LOCAMERICA  
LEVE3.SA,METAL LEVE  
LGCP11.SA,FII LGCP INT
LIGT3.SA,LIGHT S/A   
LILY34.SA,LILLY       
LINX3.SA,LINX        
LIPR3.SA,ELETROPAR   
LIQO3.SA,LIQ         
LLIS3.SA,LE LIS BLANC
LMTB34.SA,LOCKHEED    
LOFT11B.SA,FII LOFT I  
LOGG1.SA,LOG COM PROP
LOGG3.SA,LOG COM PROP
LOGN12.SA,LOG-IN      
LOGN3.SA,LOG-IN      
LOWC34.SA,LOWES COMPA 
LPSB3.SA,LOPES BRASIL
LREN3.SA,LOJAS RENNER
LSXM34.SA,LIBERTY MEDI
LUGG11.SA,FII LUGGO   
LUPA1.SA,LUPATECH    
LUPA3.SA,LUPATECH    
LUPA9.SA,LUPATECH    
LUXM4.SA,TREVISA     
LVBI11.SA,FII VBI LOG 
LVBI13.SA,FII VBI LOG 
MACY34.SA,MACY S      
MAGG3.SA,MAGNESITA SA
MALL11.SA,FII MALLS BP
MALL12.SA,FII MALLS BP
MAPT3.SA,CEMEPE      
MAPT4.SA,CEMEPE      
MATB11.SA,IT NOW IMAT 
MAXR11.SA,FII MAX RET 
MBRF11.SA,FII MERC BR 
MCCI11.SA,FII MAUA    
MCDC34.SA,MCDONALDS   
MCOR34.SA,MOODYS CORP 
MDIA3.SA,M.DIASBRANCO
MDLZ34.SA,MONDELEZ INT
MDTC34.SA,MEDTRONIC   
MEAL3.SA,IMC S/A     
MELI34.SA,MERCADOLIBRE
MEND5.SA,MENDES JR   
MEND6.SA,MENDES JR   
MERC3.SA,MERC FINANC 
MERC4.SA,MERC FINANC 
METB34.SA,METLIFE INC 
MFII11.SA,FII MERITO I
MGEL4.SA,MANGELS INDL
MGFF11.SA,FII MOGNO   
MGFF12.SA,FII MOGNO   
MGLU3.SA,MAGAZ LUIZA 
MILS3.SA,MILLS       
MKLC34.SA,MARKEL CORP 
MMMC34.SA,3M          
MMXM11.SA,MMX MINER   
MMXM3.SA,MMX MINER   
MNDL3.SA,MUNDIAL     
MNPR3.SA,MINUPAR     
MOAR3.SA,MONT ARANHA 
MOOO34.SA,ALTRIA GROUP
MOSC34.SA,MOSAIC CO   
MOVI3.SA,MOVIDA      
MPLU3.SA,MULTIPLUS   
MRCK34.SA,MERCK       
MRFG3.SA,MARFRIG     
MRSA3B.SA,MRS LOGIST  
MRSA5B.SA,MRS LOGIST  
MRSA6B.SA,MRS LOGIST  
MRVE3.SA,MRV         
MSBR34.SA,MORGAN STAN 
MSCD34.SA,MASTERCARD  
MSFT34.SA,MICROSOFT   
MSPA3.SA,MELHOR SP   
MSPA4.SA,MELHOR SP   
MTIG4.SA,METAL IGUACU
MTSA3.SA,METISA      
MTSA4.SA,METISA      
MULT3.SA,MULTIPLAN   
MUTC34.SA,MICRON TECHN
MWET3.SA,WETZEL S/A  
MWET4.SA,WETZEL S/A  
MXRF11.SA,FII MAXI REN
MXRF12.SA,FII MAXI REN
MYPK11.SA,IOCHP-MAXION
MYPK12.SA,IOCHP-MAXION
MYPK3.SA,IOCHP-MAXION
NAFG3.SA,NADIR FIGUEI
NAFG4.SA,NADIR FIGUEI
NATU3.SA,NATURA      
NEOE3.SA,NEOENERGIA  
NEOE3B.SA,NEOENERGIA  
NETE34.SA,NETEASE     
NEWL11.SA,FII NEWPORT 
NEXT34.SA,NEXTERA ENER
NFLX34.SA,NETFLIX     
NIKE34.SA,NIKE        
NMRH34.SA,NOMURA HO   
NOCG34.SA,NORTHROP GRU
NOKI34.SA,NOKIA CORP  
NORD3.SA,NORDON MET  
NPAR11.SA,FII NESTPAR 
NSLU11.SA,FII LOURDES 
NTCO3.SA,GRUPO NATURA
NUTR3.SA,NUTRIPLANT  
NVDC34.SA,NVIDIA CORP 
NVHO11.SA,FII NOVOHORI
ODPV3.SA,ODONTOPREV  
OFSA3.SA,OUROFINO S/A
OGXP3.SA,OGX PETROLEO
OIBR3.SA,OI          
OIBR4.SA,OI          
OIBR9.SA,OI          
OMGE3.SA,OMEGA GER   
ONEF11.SA,FII THE ONE 
ORCL34.SA,ORACLE      
ORLY34.SA,OREILLY AUT 
ORPD11.SA,FII OURO PRT
OSXB3.SA,OSX BRASIL  
OUCY11.SA,FII OURICYRE
OUCY12.SA,FII OURICYRE
OUFF11.SA,FII OURI FOF
OUJP11.SA,FII OURI JPP
OUJP12.SA,FII OURI JPP
OULG11B.SA,FII OURILOG 
OULG12B.SA,FII OURILOG 
OXYP34.SA,OCCIDENT PTR
PABY11.SA,FII PANAMBY 
PARD3.SA,IHPARDINI   
PATC11.SA,FII PATRIA  
PATI3.SA,PANATLANTICA
PATI4.SA,PANATLANTICA
PCAR3.SA,P.ACUCAR-CBD
PCAR4.SA,P.ACUCAR-CBD
PDDA11B.SA,FII PEDRA D 
PDGR3.SA,PDG REALT   
PEAB3.SA,PAR AL BAHIA
PEAB4.SA,PAR AL BAHIA
PEPB34.SA,PEPSICO INC 
PETR3.SA,PETROBRAS   
PETR4.SA,PETROBRAS   
PFIZ34.SA,PFIZER      
PFRM3.SA,PROFARMA    
PGCO34.SA,PG          
PHGN34.SA,KOPHILIPS   
PHMO34.SA,PHILIP MORRI
PIBB11.SA,IT NOW PIBB 
PINE10.SA,PINE        
PINE2.SA,PINE        
PINE4.SA,PINE        
PLAS1.SA,PLASCAR PART
PLAS3.SA,PLASCAR PART
PLCR11.SA,FII PLURAL R
PLRI11.SA,FII POLO I  
PMAM3.SA,PARANAPANEMA
PMSP11B.SA,CEPAC - PMSP
PMSP12B.SA,CEPAC - PMSP
PNCS34.SA,PNCFNANCIAL 
PNVL3.SA,DIMED       
PNVL4.SA,DIMED       
POMO10.SA,MARCOPOLO   
POMO2.SA,MARCOPOLO   
POMO3.SA,MARCOPOLO   
POMO4.SA,MARCOPOLO   
PORD11.SA,FII POLO CRI
POSI3.SA,POSITIVO TEC
PPLA11.SA,PPLA        
PQDP11.SA,FII D PEDRO 
PRIO3.SA,PETRORIO    
PRSN11B.SA,FII PERSONAL
PRSV11.SA,FII P VARGAS
PSSA3.SA,PORTO SEGURO
PSVM11.SA,PORTO VM    
PTBL3.SA,PORTOBELLO  
PTCH34.SA,PETROCHIN   
PTNT3.SA,PETTENATI   
PTNT4.SA,PETTENATI   
PYPL34.SA,PAYPAL HOLD 
QAGR11.SA,FII QUASAR A
QCOM34.SA,QUALCOMM    
QGEP3.SA,QGEP PART   
QUAL3.SA,QUALICORP   
RADL3.SA,RAIADROGASIL
RAIL3.SA,RUMO S.A.   
RANI3.SA,CELUL IRANI 
RANI4.SA,CELUL IRANI 
RAPT3.SA,RANDON PART 
RAPT4.SA,RANDON PART 
RBBV11.SA,FII JHSF FBV
RBCB11.SA,FII RIOBRCIB
RBCO11.SA,FII R INCOME
RBCO12.SA,FII R INCOME
RBDS11.SA,FII RBRESID2
RBED11.SA,FII RIOB ED 
RBFF11.SA,FII RIOB FF 
RBGS11.SA,FII RB GSB I
RBIV11.SA,FII RBCRI IV
RBRD11.SA,FII RB II   
RBRF11.SA,FII RBRALPHA
RBRF12.SA,FII RBRALPHA
RBRP11.SA,FII RBR PROP
RBRP12.SA,FII RBR PROP
RBRR11.SA,FII RBRHGRAD
RBRR12.SA,FII RBRHGRAD
RBRY11.SA,FII RBR PCRI
RBVA11.SA,FII RIOB VA 
RBVO11.SA,FII RIOBCRI2
RCFA11.SA,FII GP RCFA 
RCRB11.SA,FII RIOB RC 
RCSL3.SA,RECRUSUL    
RCSL4.SA,RECRUSUL    
RDES11.SA,FII RD ESCRI
RDNI3.SA,RNI         
RDPD11.SA,FII BB PAPII
RDSA34.SA,RD SHELL    
RECT11.SA,FII UBSOFFIC
RECT12.SA,FII UBSOFFIC
REDE3.SA,REDE ENERGIA
REGN34.SA,REGENERON PH
REIT11.SA,FII REIT RIV
RENT3.SA,LOCALIZA    
RIGG34.SA,TRANSOCEAN  
RIOT34.SA,RIO TINTO   
RLOG3.SA,COSAN LOG   
RNDP11.SA,FII BB R PAP
RNEW11.SA,RENOVA      
RNEW3.SA,RENOVA      
RNEW4.SA,RENOVA      
RNGO11.SA,FII RIONEGRO
ROMI3.SA,INDS ROMI   
ROST34.SA,ROSS STORES 
RPAD3.SA,ALFA HOLDING
RPAD5.SA,ALFA HOLDING
RPAD6.SA,ALFA HOLDING
RPMG3.SA,PET MANGUINH
RSID3.SA,ROSSI RESID 
RSPD11.SA,FII RBRESID3
RSUL4.SA,RIOSULENSE  
SAAG11.SA,FII SANT AGE
SADI11.SA,FII SANT PAP
SAIC11B.SA,FII SIA CORP
SANB11.SA,SANTANDER BR
SANB3.SA,SANTANDER BR
SANB4.SA,SANTANDER BR
SAPP34.SA,SAP SE      
SAPR11.SA,SANEPAR     
SAPR3.SA,SANEPAR     
SAPR4.SA,SANEPAR     
SBNY34.SA,SIGNATURE BK
SBSP3.SA,SABESP      
SBUB34.SA,STARBUCKS   
SCAR3.SA,SAO CARLOS  
SCHW34.SA,SCHWAB      
SCPF11.SA,FII SCP     
SDIL11.SA,FII SDI LOG 
SDIP11.SA,FII SDI PROP
SEDU3.SA,SOMOS EDUCA 
SEER3.SA,SER EDUCA   
SGPS3.SA,SPRINGS     
SHDP11B.SA,FII SHOP PDP
SHOW3.SA,TIME FOR FUN
SHPH11.SA,FII HIGIENOP
SHUL4.SA,SCHULZ      
SIMN34.SA,SIMON PROP  
SLBC34.SA,STERLING BNC
SLBG34.SA,SCHLUMBERGER
SLCE3.SA,SLC AGRICOLA
SLED1.SA,SARAIVA LIVR
SLED12.SA,SARAIVA LIVR
SLED2.SA,SARAIVA LIVR
SLED3.SA,SARAIVA LIVR
SLED4.SA,SARAIVA LIVR
SMAL11.SA,ISHARES SMAL
SMLS3.SA,SMILES      
SMTO3.SA,SAO MARTINHO
SNEC34.SA,SONY CORP   
SNSL3.SA,SENIOR SOL  
SNSY5.SA,SANSUY      
SOND3.SA,SONDOTECNICA
SOND5.SA,SONDOTECNICA
SOND6.SA,SONDOTECNICA
SPGI34.SA,SP GLOBAL   
SPRI3.SA,SPRINGER    
SPRI5.SA,SPRINGER    
SPRI6.SA,SPRINGER    
SPRN34.SA,SPRINT      
SPRT3B.SA,LONGDIS     
SPTW11.SA,FII SP DOWNT
SPXI11.SA,IT NOW SPXI 
SQIA3.SA,SINQIA      
SRXM34.SA,SIRIUS XM HD
SSBR3.SA,SIERRABRASIL
SSFO34.SA,SALESFORCE  
STBP3.SA,SANTOS BRP  
STMN34.SA,STMICROEL   
STZB34.SA,CONSTELLATIO
SULA11.SA,SUL AMERICA 
SULA3.SA,SUL AMERICA 
SULA4.SA,SUL AMERICA 
SUZB3.SA.SA,SUZANO PAPEL
SUZB3.SA.SA,SUZANO S.A. 
TAEE11.SA,TAESA       
TAEE3.SA,TAESA       
TAEE4.SA,TAESA       
TAKP34.SA,TAKEDAPH    
TASA13.SA,TAURUS ARMAS
TASA15.SA,TAURUS ARMAS
TASA17.SA,TAURUS ARMAS
TASA3.SA,TAURUS ARMAS
TASA4.SA,TAURUS ARMAS
TBOF11.SA,FII TBOFFICE
TCNO3.SA,TECNOSOLO   
TCNO4.SA,TECNOSOLO   
TCSA3.SA,TECNISA     
TECN3.SA,TECHNOS     
TEKA3.SA,TEKA        
TEKA4.SA,TEKA        
TELB1.SA,TELEBRAS    
TELB2.SA,TELEBRAS    
TELB3.SA,TELEBRAS    
TELB4.SA,TELEBRAS    
TEND3.SA,TENDA       
TESA1.SA,TERRA SANTA 
TESA12.SA,TERRA SANTA 
TESA3.SA,TERRA SANTA 
TESA9.SA,TERRA SANTA 
TEXA34.SA,TEXAS INC   
TFOF11.SA,FII HTOPFOF 
TGAR11.SA,FII TG ATIVO
TGAR12.SA,FII TG ATIVO
TGMA3.SA,TEGMA       
TGTB34.SA,TARGET CORP 
THGI34.SA,HANOVER INSU
THRA11.SA,FII BM THERA
TIET1.SA,AES TIETE E 
TIET11.SA,AES TIETE E 
TIET12.SA,AES TIETE E 
TIET2.SA,AES TIETE E 
TIET3.SA,AES TIETE E 
TIET4.SA,AES TIETE E 
TIFF34.SA,TIFFANY     
TIMP3.SA,TIM PART S/A
TJXC34.SA,TJX COMPANIE
TKNO4.SA,TEKNO       
TLNC34.SA,TELEFONIC   
TMCO34.SA,TOYOTAMO    
TMOS34.SA,THERMFISCHER
TORM13.SA,FII TOURMALE
TOTS3.SA,TOTVS       
TOUR11.SA,FII TOUR II 
TOUR12.SA,FII TOUR II 
TOUR13.SA,FII TOUR II 
TOYB3.SA,TECTOY      
TOYB4.SA,TECTOY      
TPIS3.SA,TRIUNFO PART
TPRY34.SA,TAPESTRY INC
TRIS3.SA,TRISUL      
TRNT11.SA,FII TORRE NO
TRPL3.SA,TRAN PAULIST
TRPL4.SA,TRAN PAULIST
TRPN3.SA,TARPON INV  
TRVC34.SA,TRAVELERS   
TRXL11.SA,FII TRX LOG 
TSLA34.SA,TESLA INC   
TSMC34.SA,TAIWANSMFAC 
TSNF34.SA,TYSON FOODS 
TUPY3.SA,TUPY        
TWTR34.SA,TWITTER     
TXRX3.SA,TEX RENAUX  
TXRX4.SA,TEX RENAUX  
TXSA34.SA,TERNIUMSA   
U1BE34.SA,UBER TECH IN
UBSG34.SA,UBS GROUP   
UBSR11.SA,FII UBS (BR)
UBSR12.SA,FII UBS (BR)
UCAS3.SA,UNICASA     
UGPA3.SA,ULTRAPAR    
ULEV34.SA,UNILEVER    
UNHH34.SA,UNITEDHEALTH
UNIP3.SA,UNIPAR      
UNIP5.SA,UNIPAR      
UNIP6.SA,UNIPAR      
UPAC34.SA,UNIONPACIFIC
UPSS34.SA,UPS         
USBC34.SA,US BANCORP  
USIM3.SA,USIMINAS    
USIM5.SA,USIMINAS    
USIM6.SA,USIMINAS    
USSX34.SA,US STEEL    
UTEC34.SA,UNITED TECH 
VALE3.SA,VALE        
VERE11.SA,FII VEREDA  
VERZ34.SA,VERIZON     
VFCO34.SA,VF CORP     
VGIR11.SA,FII VALREIII
VGIR12.SA,FII VALREIII
VIAM34.SA,VIACOM INC  
VIGT11.SA,FIP VINCI IE
VILG11.SA,FII VINCILOG
VINO11.SA,FII VINC COR
VISA34.SA,VISA INC    
VISC11.SA,FII VINCI SC
VISC13.SA,FII VINCI SC
VIVA3.SA,VIVARA S.A. 
VIVR1.SA,VIVER       
VIVR3.SA,VIVER       
VIVT3.SA,TELEF BRASIL
VIVT4.SA,TELEF BRASIL
VLID3.SA,VALID       
VLOE34.SA,VALERO ENER 
VLOL11.SA,FII OLIMPIA 
VLYB34.SA,VALLEY NTION
VOTS11.SA,FII V MASTER
VRSN34.SA,VERISIGN INC
VRTA11.SA,FII FATOR VE
VRTA12.SA,FII FATOR VE
VRTX34.SA,VERTEX PHARM
VSHO11.SA,FII VOT SHOP
VTLT11.SA,FII VOT LOG 
VULC3.SA,VULCABRAS   
VVAR3.SA,VIAVAREJO   
WABC34.SA,WESTERN BCOR
WALM34.SA,WAL MART    
WATC34.SA,WATERS CORP 
WEGE3.SA,WEG         
WFCO34.SA,WELLS FARGO 
WGBA34.SA,WALGREENS   
WHRL3.SA,WHIRLPOOL   
WHRL4.SA,WHIRLPOOL   
WIZS3.SA,WIZ S.A.    
WLMM3.SA,WLM IND COM 
WLMM4.SA,WLM IND COM 
WPLZ11.SA,FII W PLAZA 
WSON33.SA,WILSON SONS 
WTSP11B.SA,FII WTC SP  
WUNI34.SA,WESTERNUNION
XBOV11.SA,CAIXAETFXBOV
XPCI11.SA,FII XP CRED 
XPCM11.SA,FII XP MACAE
XPHT11.SA,FII XP HOT  
XPHT12.SA,FII XP HOT  
XPIE11.SA,FIP XP INFRA
XPIN11.SA,FII XP INDL 
XPLG11.SA,FII XP LOG  
XPLG12.SA,FII XP LOG  
XPLG13.SA,FII XP LOG  
XPML11.SA,FII XP MALLS
XPML12.SA,FII XP MALLS
XPML13.SA,FII XP MALLS
XPOM11.SA,FIP XP OMEGA
XPPR11.SA,FII XP PROP 
XRAY34.SA,DENTSPLY SIR
XRXB34.SA,XEROX CORP  
XTED11.SA,FII TRXE COR
YCHY11.SA,FII YAGUARA 
YDUQ3.SA,YDUQS PART  
YUMR34.SA,YUM BRANDS  
